00:00:08,Dataset was downloaded 0 days ago.
00:00:42,Cluster analysis done, found 942 clusters/
00:00:07,Dataset was downloaded 0 days ago.
00:00:25, iterate for 1 Ave & E 110 St (3496) 2019-11-28 to 2020-04-03)
00:00:14, iterate for 1 Ave & E 16 St (504) 2019-11-28 to 2020-04-03)
00:00:14, iterate for 1 Ave & E 18 St (2003) 2019-11-28 to 2020-04-03)
00:00:13, iterate for 1 Ave & E 30 St (536) 2019-11-28 to 2020-04-03)
00:00:11, iterate for 1 Ave & E 44 St (455) 2019-11-28 to 2020-04-03)
00:00:11, iterate for 1 Ave & E 5 St (3744) 2019-12-13 to 2020-04-03)
00:00:13, iterate for 1 Ave & E 62 St (3142) 2019-11-28 to 2020-04-03)
00:00:11, iterate for 1 Ave & E 68 St (3141) 2019-11-28 to 2020-04-03)
00:00:11, iterate for 1 Ave & E 78 St (3140) 2019-11-28 to 2020-04-03)
00:00:11, iterate for 1 Ave & E 94 St (3312) 2019-11-28 to 2020-04-03)
00:00:11, iterate for 1 Pl & Clinton St (3386) 2019-11-28 to 2020-04-03)
00:00:11, iterate for 10 Ave & W 28 St (489) 2019-11-28 to 2020-04-03)
00:00:11, iterate for 10 St & 2 Ave (3795) 2019-11-28 to 2020-04-03)
00:00:14, iterate for 10 St & 5 Ave (3317) 2019-11-28 to 2020-04-03)
00:00:11, iterate for 10 St & 7 Ave (3306) 2019-11-28 to 2020-04-03)
00:00:11, iterate for 11 Ave & W 27 St (458) 2019-11-28 to 2020-04-03)
00:00:11, iterate for 11 Ave & W 41 St (478) 2019-11-28 to 2020-04-03)
00:00:11, iterate for 11 Ave & W 59 St (530) 2019-11-28 to 2020-04-03)
00:00:12, iterate for 11 St & 35 Ave (3567) 2019-11-28 to 2020-04-03)
00:00:11, iterate for 11 St & 43 Ave (3620) 2019-11-28 to 2020-04-03)
00:00:10, iterate for 12 Ave & W 125 St (3881) 2019-11-28 to 2020-04-03)
00:00:12, iterate for 12 Ave & W 40 St (514) 2019-11-28 to 2020-04-03)
00:00:07, iterate for 12 St & 4 Ave (3322) 2020-01-14 to 2020-04-03)
00:00:11, iterate for 14 St & 5 Ave (3319) 2019-11-28 to 2020-04-03)
00:00:11, iterate for 14 St & 7 Ave (3310) 2019-11-28 to 2020-04-03)
00:00:14, iterate for 19 St & 24 Ave (3524) 2019-11-28 to 2020-04-03)
00:00:12, iterate for 2 Ave & 36 St (3478) 2019-11-28 to 2020-04-03)
00:00:12, iterate for 2 Ave & E 122 St (3499) 2019-11-28 to 2020-04-03)
00:00:12, iterate for 2 Ave & E 31 St (528) 2019-11-28 to 2020-04-03)
00:00:12, iterate for 2 Ave & E 72 St (3725) 2019-11-28 to 2020-04-03)
00:00:12, iterate for 2 Ave & E 96 St (3318) 2019-11-28 to 2020-04-03)
00:00:12, iterate for 2 Ave & E 99 St (3338) 2019-11-28 to 2020-04-03)
00:00:11, iterate for 21 St & 31 Dr (3591) 2019-11-28 to 2020-04-03)
00:00:16, iterate for 21 St & 36 Ave (3564) 2019-11-28 to 2020-04-03)
00:00:11, iterate for 21 St & 38 Ave (3559) 2019-11-28 to 2020-04-03)
00:00:11, iterate for 21 St & 43 Ave (3128) 2019-11-28 to 2020-04-03)
00:00:11, iterate for 21 St & Hoyt Ave S (3513) 2019-11-28 to 2020-04-03)
00:00:13, iterate for 21 St & Queens Plaza North (3130) 2019-11-28 to 2020-04-03)
00:00:15, iterate for 23 Ave & 27 St (3525) 2019-11-28 to 2020-04-03)
00:00:20, iterate for 24 Ave & 26 St (3515) 2019-11-28 to 2020-04-03)
00:00:17, iterate for 24 Ave & 29 St (3523) 2019-11-28 to 2020-04-03)
00:00:09, iterate for 24 St & 41 Ave (3808) 2020-02-21 to 2020-04-03)
00:00:16, iterate for 27 Ave & 3 St (3811) 2019-11-28 to 2020-04-03)
00:00:19, iterate for 27 Ave & 9 St (3621) 2019-11-28 to 2020-04-03)
00:00:21, iterate for 27 St & Hunter St (3618) 2019-11-28 to 2020-04-03)
00:00:18, iterate for 28 Ave & 35 St (3617) 2019-11-28 to 2020-04-03)
00:00:16, iterate for 28 Ave & 44 St (3691) 2019-11-28 to 2020-04-03)
00:00:19, iterate for 28 St & 36 Ave (3563) 2019-11-28 to 2020-04-03)
00:00:16, iterate for 28 St & 41 Ave (3555) 2019-11-28 to 2020-04-03)
00:00:12, iterate for 3 Ave & 14 St (3324) 2019-11-28 to 2020-04-03)
00:00:12, iterate for 3 Ave & Carroll St (3762) 2019-11-28 to 2020-04-03)
00:00:12, iterate for 3 Ave & E 100 St (3327) 2019-11-28 to 2020-04-03)
00:00:12, iterate for 3 Ave & E 112 St (3551) 2019-11-28 to 2020-04-03)
00:00:16, iterate for 3 Ave & E 62 St (3134) 2019-11-28 to 2020-04-03)
00:00:12, iterate for 3 Ave & E 71 St (3152) 2019-11-28 to 2020-04-03)
00:00:13, iterate for 3 Ave & E 72 St (3375) 2019-11-28 to 2020-04-03)
00:00:11, iterate for 3 Ave & Schermerhorn St (298) 2019-11-28 to 2020-04-03)
00:00:10, iterate for 3 St & 3 Ave (3373) 2019-11-28 to 2020-04-03)
00:00:12, iterate for 3 St & 7 Ave (3365) 2019-11-28 to 2020-04-03)
00:00:13, iterate for 3 St & Hoyt St (3381) 2019-11-28 to 2020-04-03)
00:00:12, iterate for 3 St & Prospect Park West (3354) 2019-11-28 to 2020-04-03)
00:00:11, iterate for 30 Ave & 21 St (3612) 2019-11-28 to 2020-04-03)
00:00:14, iterate for 31 Ave & 14 St (3607) 2019-11-28 to 2020-04-03)
00:00:13, iterate for 31 Ave & 30 St (3603) 2019-11-28 to 2020-04-03)
00:00:12, iterate for 31 Ave & 34 St (3602) 2019-11-28 to 2020-04-03)
00:00:12, iterate for 31 Ave & Crescent St (3605) 2019-11-28 to 2020-04-03)
00:00:04, iterate for 31 Ave & Steinway St (3600) 2020-02-14 to 2020-04-03)
00:00:11, iterate for 31 St & 23 Ave (3526) 2019-11-28 to 2020-04-03)
00:00:12, iterate for 31 St & Astoria Blvd (3516) 2019-11-28 to 2020-04-03)
00:00:12, iterate for 31 St & Broadway (3593) 2019-11-28 to 2020-04-03)
00:00:15, iterate for 31 St & Hoyt Ave N (3517) 2019-11-28 to 2020-04-03)
00:00:12, iterate for 31 St & Newtown Ave (3721) 2019-11-28 to 2020-04-03)
00:00:14, iterate for 31 St & Northern Blvd (3654) 2019-11-28 to 2020-04-03)
00:00:13, iterate for 31 St & Thomson Ave (3123) 2019-11-28 to 2020-04-03)
00:00:13, iterate for 34 Ave & 13 St (3586) 2019-11-28 to 2020-04-03)
00:00:12, iterate for 34 Ave & 21 St (3577) 2019-11-28 to 2020-04-03)
00:00:13, iterate for 34 Ave & 38 St (3572) 2019-11-28 to 2020-04-03)
00:00:14, iterate for 34 St & 35 Ave (3568) 2019-11-28 to 2020-04-03)
00:00:13, iterate for 35 Ave & 10 St (3646) 2019-11-28 to 2020-04-03)
00:00:12, iterate for 35 Ave & 37 St (3570) 2019-11-28 to 2020-04-03)
00:00:12, iterate for 35 St & 34 Ave (3573) 2019-11-28 to 2020-04-03)
00:00:12, iterate for 35 St & Broadway (3595) 2019-11-28 to 2020-04-03)
00:00:13, iterate for 36 Ave & 10 St (3565) 2019-11-28 to 2020-04-03)
00:00:15, iterate for 36 Ave & 31 St (3745) 2019-11-28 to 2020-04-03)
00:00:13, iterate for 37 Ave & 35 St (3561) 2019-11-28 to 2020-04-03)
00:00:13, iterate for 37 St & 24 Ave (3522) 2019-11-28 to 2020-04-03)
00:00:13, iterate for 38 Ave & 29 St (3892) 2019-11-28 to 2020-04-03)
00:00:11, iterate for 39 St & 2 Ave (3477) 2019-11-28 to 2020-04-03)
00:00:08, iterate for 4 Ave & E 12 St (3905) 2020-01-08 to 2020-04-03)
00:00:11, iterate for 40 Ave & 9 St (3557) 2019-11-28 to 2020-04-03)
00:00:12, iterate for 40 Ave & Crescent St (3716) 2019-11-28 to 2020-04-03)
00:00:11, iterate for 43 St & Broadway (3597) 2019-11-28 to 2020-04-03)
00:00:14, iterate for 44 Dr & 21 St (3615) 2019-11-28 to 2020-04-03)
00:00:12, iterate for 44 Dr & Jackson Ave (3126) 2019-11-28 to 2020-04-03)
00:00:12, iterate for 45 Rd & 11 St (3125) 2019-11-28 to 2020-04-03)
00:00:12, iterate for 46 Ave & 5 St (3124) 2019-11-28 to 2020-04-03)
00:00:13, iterate for 47 Ave & 31 St (3221) 2019-11-28 to 2020-04-03)
00:00:12, iterate for 47 Ave & Skillman Ave (3704) 2019-11-28 to 2020-04-03)
00:00:12, iterate for 48 Ave & 30 Pl (3647) 2019-11-28 to 2020-04-03)
00:00:12, iterate for 48 Ave & 5 St (3122) 2019-11-28 to 2020-04-03)
00:00:14, iterate for 49 Ave & 21 St (3606) 2019-11-28 to 2020-04-03)
00:00:12, iterate for 5 Ave & 3 St (3368) 2019-11-28 to 2020-04-03)
00:00:13, iterate for 5 Ave & E 103 St (3367) 2019-11-28 to 2020-04-03)
00:00:12, iterate for 5 Ave & E 126 St (3527) 2019-11-28 to 2020-04-03)
00:00:11, iterate for 5 Ave & E 29 St (474) 2019-11-28 to 2020-04-03)
00:00:12, iterate for 5 Ave & E 63 St (3136) 2019-11-28 to 2020-04-03)
00:00:16, iterate for 5 Ave & E 73 St (3137) 2019-11-28 to 2020-04-03)
00:00:13, iterate for 5 Ave & E 78 St (3143) 2019-11-28 to 2020-04-03)
00:00:15, iterate for 5 Ave & E 88 St (3282) 2019-11-28 to 2020-04-03)
00:00:18, iterate for 5 Ave & E 93 St (3292) 2019-11-28 to 2020-04-03)
00:00:29, iterate for 5 Corners Library (3220) 2019-11-28 to 2020-04-03)
00:00:35, iterate for 5 St & 51 Ave (3608) 2019-11-28 to 2020-04-03)
00:00:17, iterate for 5 St & 6 Ave (3405) 2019-11-28 to 2020-04-03)
00:00:16, iterate for 6 Ave & 12 St (3313) 2019-11-28 to 2020-04-03)
00:00:22, iterate for 6 Ave & 9 St (3304) 2019-11-28 to 2020-04-03)
00:00:21, iterate for 6 Ave & Broome St (3746) 2019-11-28 to 2020-04-03)
00:00:23, iterate for 6 Ave & Canal St (377) 2019-11-28 to 2020-04-03)
00:00:24, iterate for 6 Ave & W 33 St (505) 2019-11-28 to 2020-04-03)
00:00:13, iterate for 6 Ave & W 34 St (3799) 2019-12-05 to 2020-04-03)
00:00:19, iterate for 6 St & 7 Ave (3297) 2019-11-28 to 2020-04-03)
00:00:22, iterate for 7 Ave & Central Park South (3724) 2019-11-28 to 2020-04-03)
00:00:36, iterate for 7 Ave & Park Pl (3416) 2019-11-28 to 2020-04-03)
00:00:18, iterate for 7 St & 3 Ave (3399) 2019-11-28 to 2020-04-03)
00:00:16, iterate for 7 St & 5 Ave (3404) 2019-11-28 to 2020-04-03)
00:00:13, iterate for 8 Ave & W 31 St (3255) 2019-11-28 to 2020-04-03)
00:00:12, iterate for 8 Ave & W 33 St (490) 2019-11-28 to 2020-04-03)
00:00:14, iterate for 8 Ave & W 52 St (447) 2019-11-28 to 2020-04-03)
00:00:17, iterate for 9 Ave & W 18 St (434) 2019-11-28 to 2020-04-03)
00:00:13, iterate for 9 Ave & W 22 St (509) 2019-11-28 to 2020-04-03)
00:00:14, iterate for 9 Ave & W 28 St (3259) 2019-11-28 to 2020-04-03)
00:00:16, iterate for 9 Ave & W 45 St (479) 2019-11-28 to 2020-04-03)
00:00:22, iterate for 9 St & 44 Rd (3127) 2019-11-28 to 2020-04-03)
00:00:25, iterate for Adam Clayton Powell Blvd & W 115 St (3511) 2019-12-09 to 2020-04-03)
00:00:23, iterate for Adam Clayton Powell Blvd & W 118 St (3520) 2019-11-28 to 2020-04-03)
00:00:13, iterate for Adam Clayton Powell Blvd & W 123 St (3510) 2019-11-28 to 2020-04-03)
00:00:12, iterate for Adam Clayton Powell Blvd & W 126 St (3629) 2019-11-28 to 2020-04-03)
00:00:12, iterate for Adelphi St & Myrtle Ave (270) 2019-11-28 to 2020-04-03)
00:00:13, iterate for Albany Ave & Fulton St (3044) 2019-11-28 to 2020-04-03)
00:00:12, iterate for Allen St & Hester St (361) 2019-11-28 to 2020-04-03)
00:00:14, iterate for Allen St & Rivington St (401) 2019-11-28 to 2020-04-03)
00:00:13, iterate for Allen St & Stanton St (312) 2019-11-28 to 2020-04-03)
00:00:11, iterate for Amsterdam Ave & W 119 St (3542) 2019-11-28 to 2020-04-03)
00:00:13, iterate for Amsterdam Ave & W 125 St (3541) 2019-11-28 to 2020-04-03)
00:00:13, iterate for Amsterdam Ave & W 66 St (3356) 2019-11-28 to 2020-04-03)
00:00:14, iterate for Amsterdam Ave & W 73 St (3167) 2019-11-28 to 2020-04-03)
00:00:21, iterate for Amsterdam Ave & W 79 St (3360) 2019-11-28 to 2020-04-03)
00:00:16, iterate for Amsterdam Ave & W 82 St (3171) 2019-11-28 to 2020-04-03)
00:00:14, iterate for Astor Place (3280) 2019-11-28 to 2020-04-03)
00:00:11, iterate for Astoria Park S & Shore Blvd (3514) 2019-11-28 to 2020-04-03)
00:00:11, iterate for Atlantic Ave & Fort Greene Pl (83) 2019-11-28 to 2020-04-03)
00:00:12, iterate for Atlantic Ave & Furman St (398) 2019-11-28 to 2020-04-03)
00:00:12, iterate for Avenue C & E 18 St (3733) 2019-11-28 to 2020-04-03)
00:00:12, iterate for Avenue D & E 12 St (339) 2019-11-28 to 2020-04-03)
00:00:14, iterate for Avenue D & E 3 St (302) 2019-11-28 to 2020-04-03)
00:00:12, iterate for Avenue D & E 8 St (3918) 2019-11-28 to 2020-04-03)
00:00:12, iterate for Baldwin at Montgomery (3225) 2019-11-28 to 2020-04-03)
00:00:14, iterate for Baltic St & 5 Ave (3417) 2019-11-28 to 2020-04-03)
00:00:12, iterate for Bank St & Hudson St (346) 2019-11-28 to 2020-04-03)
00:00:13, iterate for Bank St & Washington St (238) 2019-11-28 to 2020-04-03)
00:00:14, iterate for Banker St & Meserole Ave (3109) 2019-11-28 to 2020-04-03)
00:00:12, iterate for Barclay St & Church St (417) 2019-11-28 to 2020-04-03)
00:00:13, iterate for Barrow St & Hudson St (127) 2019-11-28 to 2020-04-03)
00:00:12, iterate for Bayard St & Baxter St (355) 2019-11-28 to 2020-04-03)
00:00:12, iterate for Bayard St & Leonard St (3452) 2019-11-28 to 2020-04-03)
00:00:11, iterate for Beaver St & Fayette St (3823) 2019-11-28 to 2020-04-03)
00:00:12, iterate for Bedford Ave & Bergen St (3571) 2019-11-28 to 2020-04-03)
00:00:12, iterate for Bedford Ave & Montgomery St (3803) 2019-11-28 to 2020-04-03)
00:00:13, iterate for Bedford Ave & Nassau Ave (3107) 2019-11-28 to 2020-04-03)
00:00:12, iterate for Bedford Ave & S 9 St (443) 2019-11-28 to 2020-04-03)
00:00:12, iterate for Bergen Ave (3679) 2019-11-28 to 2020-04-03)
00:00:13, iterate for Bergen St & Flatbush Ave (3414) 2019-11-28 to 2020-04-03)
00:00:13, iterate for Bergen St & Smith St (3409) 2019-11-28 to 2020-04-03)
00:00:12, iterate for Bergen St & Vanderbilt Ave (3558) 2019-11-28 to 2020-04-03)
00:00:13, iterate for Berkeley Pl & 6 Ave (3339) 2019-11-28 to 2020-04-03)
00:00:14, iterate for Berkeley Pl & 7 Ave (3346) 2019-11-28 to 2020-04-03)
00:00:14, iterate for Berry St & N 8 St (3092) 2019-11-28 to 2020-04-03)
00:00:12, iterate for Bialystoker Pl & Delancey St (356) 2019-11-28 to 2020-04-03)
00:00:13, iterate for Boerum St & Broadway (3071) 2019-11-28 to 2020-04-03)
00:00:14, iterate for Bond St & Bergen St (3411) 2019-11-28 to 2020-04-03)
00:00:14, iterate for Bond St & Fulton St (3232) 2019-11-28 to 2020-04-03)
00:00:15, iterate for Broad St & Bridge St (260) 2019-11-28 to 2020-04-03)
00:00:12, iterate for Broadway & 12 St (3589) 2019-11-28 to 2020-04-03)
00:00:08, iterate for Broadway & Battery Pl (304) 2020-01-10 to 2020-04-03)
00:00:14, iterate for Broadway & Berry St (389) 2019-11-28 to 2020-04-03)
00:00:19, iterate for Broadway & E 14 St (285) 2019-11-28 to 2020-04-03)
00:00:17, iterate for Broadway & E 22 St (402) 2019-11-28 to 2020-04-03)
00:00:15, iterate for Broadway & Furman Ave (3825) 2019-11-28 to 2020-04-03)
00:00:15, iterate for Broadway & Hancock St (3831) 2019-11-28 to 2020-04-03)
00:00:13, iterate for Broadway & Kosciuszko St (3837) 2019-11-28 to 2020-04-03)
00:00:27, iterate for Broadway & Madison St (3879) 2019-11-28 to 2020-04-03)
00:00:23, iterate for Broadway & Moylan Pl (3547) 2019-11-28 to 2020-04-03)
00:00:20, iterate for Broadway & Roebling St (3078) 2019-11-28 to 2020-04-03)
00:00:15, iterate for Broadway & W 122 St (3545) 2019-11-28 to 2020-04-03)
00:00:14, iterate for Broadway & W 25 St (3641) 2019-11-28 to 2020-04-03)
00:00:16, iterate for Broadway & W 29 St (486) 2019-11-28 to 2020-04-03)
00:00:13, iterate for Broadway & W 36 St (267) 2019-11-28 to 2020-04-03)
00:00:15, iterate for Broadway & W 37 St (362) 2019-11-28 to 2020-04-03)
00:00:18, iterate for Broadway & W 38 St (533) 2019-11-28 to 2020-04-03)
00:00:30, iterate for Broadway & W 41 St (465) 2019-11-28 to 2020-04-03)
00:00:15, iterate for Broadway & W 49 St (173) 2019-11-28 to 2020-04-03)
00:00:14, iterate for Broadway & W 51 St (500) 2019-11-28 to 2020-04-03)
00:00:17, iterate for Broadway & W 53 St (469) 2019-11-28 to 2020-04-03)
00:00:14, iterate for Broadway & W 56 St (468) 2019-11-28 to 2020-04-03)
00:00:16, iterate for Broadway & W 60 St (499) 2019-11-28 to 2020-04-03)
00:00:14, iterate for Broadway & Whipple St (3067) 2019-11-28 to 2020-04-03)
00:00:14, iterate for Brooklyn Bridge Park - Pier 2 (3782) 2019-11-28 to 2020-04-03)
00:00:21, iterate for Brunswick & 6th (3269) 2019-11-28 to 2020-04-03)
00:00:15, iterate for Brunswick St (3209) 2019-11-28 to 2020-04-03)
00:00:24, iterate for Bus Slip & State St (427) 2019-11-28 to 2020-04-03)
00:00:17, iterate for Bushwick Ave & Dekalb Ave (3842) 2019-11-28 to 2020-04-03)
00:00:15, iterate for Bushwick Ave & Forrest St (3822) 2019-11-28 to 2020-04-03)
00:00:15, iterate for Bushwick Ave & Furman Ave (3871) 2019-11-28 to 2020-04-03)
00:00:14, iterate for Bushwick Ave & Harman St (3838) 2019-11-28 to 2020-04-03)
00:00:11, iterate for Bushwick Ave & Linden St (3836) 2019-11-28 to 2020-04-03)
00:00:14, iterate for Bushwick Ave & McKibbin St (3764) 2019-11-28 to 2020-04-03)
00:00:12, iterate for Bushwick Ave & Powers St (3083) 2019-11-28 to 2020-04-03)
00:00:12, iterate for Bushwick Ave & Stagg St (3765) 2019-11-28 to 2020-04-03)
00:00:12, iterate for Butler St & Court St (3303) 2019-11-28 to 2020-04-03)
00:00:14, iterate for Cadman Plaza E & Johnson St (3723) 2019-11-28 to 2020-04-03)
00:00:11, iterate for Cadman Plaza E & Red Cross Pl (321) 2019-11-28 to 2020-04-03)
00:00:11, iterate for Calyer St & Jewel St (3818) 2019-11-28 to 2020-04-03)
00:00:13, iterate for Cambridge Pl & Gates Ave (3049) 2019-11-28 to 2020-04-03)
00:00:12, iterate for Canal St & Rutgers St (307) 2019-11-28 to 2020-04-03)
00:00:12, iterate for Carlton Ave & Dean St (3537) 2019-11-28 to 2020-04-03)
00:00:12, iterate for Carlton Ave & Flushing Ave (242) 2019-11-28 to 2020-04-03)
00:00:12, iterate for Carlton Ave & Park Ave (419) 2019-11-28 to 2020-04-03)
00:00:12, iterate for Carmine St & 6 Ave (368) 2019-11-28 to 2020-04-03)
00:00:11, iterate for Carroll St & 5 Ave (3364) 2019-11-28 to 2020-04-03)
00:00:11, iterate for Carroll St & 6 Ave (3361) 2019-11-28 to 2020-04-03)
00:00:12, iterate for Carroll St & Bond St (3377) 2019-11-28 to 2020-04-03)
00:00:11, iterate for Carroll St & Columbia St (3389) 2019-11-28 to 2020-04-03)
00:00:11, iterate for Carroll St & Franklin Ave (3590) 2019-11-28 to 2020-04-03)
00:00:11, iterate for Carroll St & Smith St (3382) 2019-11-28 to 2020-04-03)
00:00:13, iterate for Carroll St & Washington Ave (3587) 2019-11-28 to 2020-04-03)
00:00:13, iterate for Cathedral Pkwy & Broadway (3383) 2019-11-28 to 2020-04-03)
00:00:11, iterate for Catherine St & Monroe St (2009) 2019-11-28 to 2020-04-03)
00:00:10, iterate for Cedar St & Evergreen Ave (3847) 2019-11-28 to 2020-04-03)
00:00:12, iterate for Cedar St & Myrtle Ave (3761) 2019-11-28 to 2020-04-03)
00:00:11, iterate for Center Blvd & 48 Ave (3613) 2019-11-28 to 2020-04-03)
00:00:11, iterate for Center Blvd & 51 Ave (3726) 2019-11-28 to 2020-04-03)
00:00:11, iterate for Central Ave & Covert St (3864) 2019-11-28 to 2020-04-03)
00:00:11, iterate for Central Ave & Decatur St (3829) 2019-11-28 to 2020-04-03)
00:00:12, iterate for Central Ave & Flushing Ave (3770) 2019-11-28 to 2020-04-03)
00:00:18, iterate for Central Ave & Himrod St (3846) 2019-11-28 to 2020-04-03)
00:00:14, iterate for Central Ave & Melrose St (3907) 2019-12-03 to 2020-04-03)
00:00:18, iterate for Central Ave & Starr Street (3776) 2019-11-28 to 2020-04-03)
00:00:15, iterate for Central Ave & Weirfield St (3832) 2019-11-28 to 2020-04-03)
00:00:15, iterate for Central Ave & Woodbine St (3863) 2019-11-28 to 2020-04-03)
00:00:13, iterate for Central Park North & Adam Clayton Powell Blvd (3374) 2019-11-28 to 2020-04-03)
00:00:12, iterate for Central Park S & 6 Ave (2006) 2019-11-28 to 2020-04-03)
00:00:11, iterate for Central Park W & W 96 St (3295) 2019-11-28 to 2020-04-03)
00:00:12, iterate for Central Park West & W 100 St (3320) 2019-11-28 to 2020-04-03)
00:00:15, iterate for Central Park West & W 102 St (3341) 2019-11-28 to 2020-04-03)
00:00:21, iterate for Central Park West & W 68 St (3163) 2019-12-04 to 2020-04-03)
00:00:26, iterate for Central Park West & W 72 St (3165) 2019-12-04 to 2020-04-03)
00:00:18, iterate for Central Park West & W 76 St (3160) 2019-12-06 to 2020-04-03)
00:00:17, iterate for Central Park West & W 85 St (3168) 2019-11-28 to 2020-04-03)
00:00:14, iterate for Centre St & Chambers St (387) 2019-11-28 to 2020-04-03)
00:00:13, iterate for Centre St & Seneca Ave (3884) 2019-12-19 to 2020-04-03)
00:00:15, iterate for Centre St & Worth St (386) 2019-11-28 to 2020-04-03)
00:00:16, iterate for Cherry St (332) 2019-11-28 to 2020-04-03)
00:00:14, iterate for Christ Hospital (3212) 2019-11-28 to 2020-04-03)
00:00:14, iterate for Christopher St & Greenwich St (358) 2019-11-28 to 2020-04-03)
00:00:13, iterate for City Hall (3185) 2019-11-28 to 2020-04-03)
00:00:28, iterate for Clark St & Henry St (391) 2019-11-28 to 2020-04-03)
00:00:13, iterate for Classon Ave & St Marks Ave (3562) 2019-11-28 to 2020-04-03)
00:00:13, iterate for Clermont Ave & Lafayette Ave (420) 2019-11-28 to 2020-04-03)
00:00:13, iterate for Clermont Ave & Park Ave (421) 2019-11-28 to 2020-04-03)
00:00:13, iterate for Cleveland Pl & Spring St (151) 2019-11-28 to 2020-04-03)
00:00:13, iterate for Cliff St & Fulton St (3783) 2019-11-28 to 2020-04-03)
00:00:13, iterate for Clinton Ave & Flushing Ave (343) 2019-11-28 to 2020-04-03)
00:00:12, iterate for Clinton Ave & Myrtle Ave (366) 2019-11-28 to 2020-04-03)
00:00:15, iterate for Clinton St & 4 Place (3396) 2019-11-28 to 2020-04-03)
00:00:12, iterate for Clinton St & Centre St (3326) 2019-11-28 to 2020-04-03)
00:00:12, iterate for Clinton St & Grand St (350) 2019-11-28 to 2020-04-03)
00:00:13, iterate for Clinton St & Joralemon St (143) 2019-11-28 to 2020-04-03)
00:00:13, iterate for Clinton St & Union St (3321) 2019-11-28 to 2020-04-03)
00:00:13, iterate for Coffey St & Conover St (3348) 2019-11-28 to 2020-04-03)
00:00:14, iterate for Columbia Heights & Cranberry St (216) 2019-11-28 to 2020-04-03)
00:00:13, iterate for Columbia St & Degraw St (3422) 2019-11-28 to 2020-04-03)
00:00:11, iterate for Columbia St & Kane St (3311) 2019-11-28 to 2020-04-03)
00:00:14, iterate for Columbia St & Lorraine St (3333) 2019-11-28 to 2020-04-03)
00:00:14, iterate for Columbia St & Rivington St (342) 2019-11-28 to 2020-04-03)
00:00:12, iterate for Columbia St & W 9 St (3394) 2019-11-28 to 2020-04-03)
00:00:15, iterate for Columbus Ave & W 103 St (3302) 2019-11-28 to 2020-04-03)
00:00:17, iterate for Columbus Ave & W 72 St (3164) 2019-11-28 to 2020-04-03)
00:00:13, iterate for Columbus Ave & W 95 St (3301) 2019-11-28 to 2020-04-03)
00:00:12, iterate for Columbus Dr at Exchange Pl (3792) 2019-11-28 to 2020-04-03)
00:00:12, iterate for Columbus Drive (3275) 2019-11-28 to 2020-04-03)
00:00:14, iterate for Commerce St & Van Brunt St (3392) 2019-11-28 to 2020-04-03)
00:00:15, iterate for Communipaw & Berry Lane (3277) 2019-11-28 to 2020-04-03)
00:00:13, iterate for Concord St & Bridge St (278) 2019-11-28 to 2020-04-03)
00:00:13, iterate for Congress St & Clinton St (3408) 2019-11-28 to 2020-04-03)
00:00:13, iterate for Cooper Square & Astor Pl (3263) 2019-11-28 to 2020-04-03)
00:00:14, iterate for Court St & Nelson St (3397) 2019-11-28 to 2020-04-03)
00:00:13, iterate for Court St & State St (3402) 2019-11-28 to 2020-04-03)
00:00:14, iterate for Crescent St & 30 Ave (3614) 2019-11-28 to 2020-04-03)
00:00:14, iterate for Crescent St & 34 Ave (3575) 2019-11-28 to 2020-04-03)
00:00:12, iterate for Crescent St & 35 Ave (3566) 2019-11-28 to 2020-04-03)
00:00:13, iterate for Crescent St & Broadway (3592) 2019-11-28 to 2020-04-03)
00:00:12, iterate for Crescent St & Ditmars Blvd (3530) 2019-11-28 to 2020-04-03)
00:00:16, iterate for Cumberland St & Lafayette Ave (416) 2019-11-28 to 2020-04-03)
00:00:15, iterate for Cypress Ave & George St (3878) 2019-11-28 to 2020-04-03)
00:00:13, iterate for Cypress Ave & Palmetto St (3895) 2019-11-28 to 2020-04-03)
00:00:11, iterate for DeKalb Ave & Franklin Ave (3755) 2019-11-28 to 2020-04-03)
00:00:13, iterate for DeKalb Ave & Hudson Ave (324) 2019-11-28 to 2020-04-03)
00:00:13, iterate for DeKalb Ave & S Portland Ave (241) 2019-11-28 to 2020-04-03)
00:00:13, iterate for DeKalb Ave & Vanderbilt Ave (258) 2019-11-28 to 2020-04-03)
00:00:12, iterate for Dean St & 4 Ave (467) 2019-11-28 to 2020-04-03)
00:00:13, iterate for Dean St & Franklin Ave (3673) 2019-11-28 to 2020-04-03)
00:00:14, iterate for Dean St & Hoyt St (3410) 2019-11-28 to 2020-04-03)
00:00:12, iterate for Degraw St & Hoyt St (3332) 2019-11-28 to 2020-04-03)
00:00:16, iterate for Degraw St & Smith St (3329) 2019-11-28 to 2020-04-03)
00:00:08, iterate for Delancey St & Eldridge St (3738) 2020-01-09 to 2020-04-03)
00:00:11, iterate for Devoe St & Lorimer St (3453) 2019-11-28 to 2020-04-03)
00:00:14, iterate for Devoe St & Morgan Ave (3772) 2019-11-28 to 2020-04-03)
00:00:13, iterate for Dey St (3201) 2019-11-28 to 2020-04-03)
00:00:13, iterate for Ditmars Blvd & 19 St (3532) 2019-11-28 to 2020-04-03)
00:00:17, iterate for Division Ave & Marcy Ave (3075) 2019-11-28 to 2020-04-03)
00:00:12, iterate for Division St & Bowery (3786) 2019-11-28 to 2020-04-03)
00:00:14, iterate for Dixon Mills (3279) 2019-11-28 to 2020-04-03)
00:00:14, iterate for Dock 72 Way & Market St (3787) 2019-11-28 to 2020-04-03)
00:00:13, iterate for Douglass St & 3 Ave (3420) 2019-11-28 to 2020-04-03)
00:00:14, iterate for Douglass St & 4 Ave (3419) 2019-11-28 to 2020-04-03)
00:00:14, iterate for Driggs Ave & Lorimer St (3102) 2019-11-28 to 2020-04-03)
00:00:15, iterate for Driggs Ave & N 9 St (3715) 2019-11-28 to 2020-04-03)
00:00:13, iterate for Driggs Ave & N Henry St (3106) 2019-11-28 to 2020-04-03)
00:00:14, iterate for Duane St & Greenwich St (276) 2019-11-28 to 2020-04-03)
00:00:13, iterate for Duffield St & Willoughby St (390) 2019-11-28 to 2020-04-03)
00:00:13, iterate for Dwight St & Van Dyke St (3337) 2019-11-28 to 2020-04-03)
00:00:12, iterate for E 10 St & 5 Ave (280) 2019-11-28 to 2020-04-03)
00:00:17, iterate for E 10 St & Avenue A (445) 2019-11-28 to 2020-04-03)
00:00:14, iterate for E 102 St & 1 Ave (3351) 2019-11-28 to 2020-04-03)
00:00:14, iterate for E 102 St & Park Ave (3363) 2019-11-28 to 2020-04-03)
00:00:13, iterate for E 103 St & Lexington Ave (3379) 2019-11-28 to 2020-04-03)
00:00:14, iterate for E 106 St & 1 Ave (3391) 2019-11-28 to 2020-04-03)
00:00:12, iterate for E 106 St & Lexington Ave (3424) 2019-11-28 to 2020-04-03)
00:00:12, iterate for E 106 St & Madison Ave (3387) 2019-11-28 to 2020-04-03)
00:00:13, iterate for E 109 St & 3 Ave (3390) 2019-11-28 to 2020-04-03)
00:00:14, iterate for E 11 St & 1 Ave (326) 2019-11-28 to 2020-04-03)
00:00:15, iterate for E 11 St & 2 Ave (237) 2019-11-28 to 2020-04-03)
00:00:13, iterate for E 11 St & Avenue B (3718) 2019-11-28 to 2020-04-03)
00:00:13, iterate for E 110 St & Madison Ave (3400) 2019-11-28 to 2020-04-03)
00:00:13, iterate for E 114 St & 1 Ave (3495) 2019-11-28 to 2020-04-03)
00:00:12, iterate for E 115 St & Lexington Ave (3494) 2019-11-28 to 2020-04-03)
00:00:12, iterate for E 115 St & Madison Ave (3500) 2019-11-28 to 2020-04-03)
00:00:12, iterate for E 116 St & 2 Ave (3490) 2019-11-28 to 2020-04-03)
00:00:16, iterate for E 118 St & 1 Ave (3491) 2019-11-28 to 2020-04-03)
00:00:13, iterate for E 118 St & 3 Ave (3493) 2019-11-28 to 2020-04-03)
00:00:13, iterate for E 118 St & Madison Ave (3501) 2019-11-28 to 2020-04-03)
00:00:12, iterate for E 118 St & Park Ave (3492) 2019-11-28 to 2020-04-03)
00:00:13, iterate for E 12 St & 3 Ave (483) 2019-11-28 to 2020-04-03)
00:00:10, iterate for E 12 St & Ave C (3736) 2020-01-16 to 2020-04-03)
00:00:14, iterate for E 123 St & Lexington Ave (3504) 2019-11-28 to 2020-04-03)
00:00:15, iterate for E 128 St & Madison Ave (3622) 2019-11-28 to 2020-04-03)
00:00:17, iterate for E 13 St & Avenue A (3711) 2019-11-28 to 2020-04-03)
00:00:15, iterate for E 15 St & 3 Ave (297) 2019-11-28 to 2020-04-03)
00:00:13, iterate for E 16 St & 5 Ave (496) 2019-11-28 to 2020-04-03)
00:00:15, iterate for E 16 St & Irving Pl (3463) 2019-11-28 to 2020-04-03)
00:00:18, iterate for E 17 St & Broadway (497) 2019-11-28 to 2020-04-03)
00:00:14, iterate for E 19 St & 3 Ave (325) 2019-11-28 to 2020-04-03)
00:00:13, iterate for E 2 St & 2 Ave (403) 2019-11-28 to 2020-04-03)
00:00:12, iterate for E 2 St & Avenue A (3656) 2019-11-28 to 2020-04-03)
00:00:14, iterate for E 2 St & Avenue B (301) 2019-11-28 to 2020-04-03)
00:00:16, iterate for E 2 St & Avenue C (150) 2019-11-28 to 2020-04-03)
00:00:16, iterate for E 20 St & 2 Ave (461) 2019-11-28 to 2020-04-03)
00:00:22, iterate for E 20 St & FDR Drive (487) 2019-11-28 to 2020-04-03)
00:00:18, iterate for E 20 St & Park Ave (503) 2019-11-28 to 2020-04-03)
00:00:18, iterate for E 23 St & 1 Ave (545) 2019-11-28 to 2020-04-03)
00:00:18, iterate for E 24 St & Park Ave S (491) 2019-11-28 to 2020-04-03)
00:00:20, iterate for E 25 St & 1 Ave (174) 2019-11-28 to 2020-04-03)
00:00:20, iterate for E 25 St & 2 Ave (507) 2019-11-28 to 2020-04-03)
00:00:19, iterate for E 27 St & 1 Ave (2012) 2019-11-28 to 2020-04-03)
00:00:18, iterate for E 30 St & Park Ave S (546) 2019-11-28 to 2020-04-03)
00:00:20, iterate for E 31 St & 3 Ave (476) 2019-11-28 to 2020-04-03)
00:00:23, iterate for E 32 St & Park Ave (472) 2019-11-28 to 2020-04-03)
00:00:20, iterate for E 33 St & 1 Ave (3687) 2019-11-28 to 2020-04-03)
00:00:22, iterate for E 33 St & 5 Ave (526) 2019-11-28 to 2020-04-03)
00:00:16, iterate for E 39 St & 2 Ave (518) 2019-11-28 to 2020-04-03)
00:00:17, iterate for E 39 St & 3 Ave (167) 2019-11-28 to 2020-04-03)
00:00:17, iterate for E 4 St & 2 Ave (439) 2019-11-28 to 2020-04-03)
00:00:19, iterate for E 41 St & Madison Ave (3235) 2019-11-28 to 2020-04-03)
00:00:15, iterate for E 43 St & 2 Ave (2017) 2019-11-28 to 2020-04-03)
00:00:19, iterate for E 43 St & 5 Ave (3680) 2019-11-28 to 2020-04-03)
00:00:16, iterate for E 45 St & 3 Ave (440) 2019-11-28 to 2020-04-03)
00:00:16, iterate for E 47 St & 1 Ave (516) 2019-11-28 to 2020-04-03)
00:00:17, iterate for E 47 St & 2 Ave (164) 2019-11-28 to 2020-04-03)
00:00:13, iterate for E 47 St & Park Ave (359) 2019-11-28 to 2020-04-03)
00:00:14, iterate for E 48 St & 3 Ave (228) 2019-11-28 to 2020-04-03)
00:00:42, iterate for E 48 St & 5 Ave (3233) 2019-11-28 to 2020-04-03)
00:00:20, iterate for E 5 St & Avenue C (393) 2019-11-28 to 2020-04-03)
00:00:14, iterate for E 51 St & 1 Ave (454) 2019-11-28 to 2020-04-03)
00:00:15, iterate for E 51 St & 2 Ave (3815) 2019-11-28 to 2020-04-03)
00:00:14, iterate for E 51 St & Lexington Ave (522) 2019-11-28 to 2020-04-03)
00:00:14, iterate for E 53 St & Lexington Ave (367) 2019-11-28 to 2020-04-03)
00:00:14, iterate for E 53 St & Madison Ave (456) 2019-11-28 to 2020-04-03)
00:00:13, iterate for E 55 St & 2 Ave (385) 2019-11-28 to 2020-04-03)
00:00:14, iterate for E 56 St & 3 Ave (464) 2019-11-28 to 2020-04-03)
00:00:13, iterate for E 56 St & Madison Ave (3814) 2019-11-28 to 2020-04-03)
00:00:15, iterate for E 58 St &  1 Ave (NW Corner) (3734) 2019-11-28 to 2020-04-03)
00:00:13, iterate for E 58 St & 1 Ave (NE Corner) (3243) 2019-11-28 to 2020-04-03)
00:00:16, iterate for E 58 St & 3 Ave (305) 2019-11-28 to 2020-04-03)
00:00:19, iterate for E 58 St & Madison Ave (3457) 2019-11-28 to 2020-04-03)
00:00:15, iterate for E 59 St & Madison Ave (3132) 2019-11-28 to 2020-04-03)
00:00:17, iterate for E 6 St & Avenue B (317) 2019-11-28 to 2020-04-03)
00:00:12, iterate for E 6 St & Avenue D (411) 2019-11-28 to 2020-04-03)
00:00:16, iterate for E 60 St & York Ave (2022) 2019-11-28 to 2020-04-03)
00:00:20, iterate for E 63 St & 3 Ave (3898) 2019-11-28 to 2020-04-03)
00:00:13, iterate for E 65 St & 2 Ave (3376) 2019-11-28 to 2020-04-03)
00:00:14, iterate for E 66 St & Madison Ave (3355) 2019-11-28 to 2020-04-03)
00:00:12, iterate for E 67 St & Park Ave (3231) 2019-11-28 to 2020-04-03)
00:00:11, iterate for E 68 St & 3 Ave (3131) 2019-11-28 to 2020-04-03)
00:00:15, iterate for E 68 St & Madison Ave (3359) 2019-11-28 to 2020-04-03)
00:00:12, iterate for E 7 St & Avenue A (432) 2019-11-28 to 2020-04-03)
00:00:12, iterate for E 72 St & Park Ave (3139) 2019-11-28 to 2020-04-03)
00:00:13, iterate for E 72 St & York Ave (3156) 2019-11-28 to 2020-04-03)
00:00:12, iterate for E 74 St & 1 Ave (3372) 2019-11-28 to 2020-04-03)
00:00:12, iterate for E 75 St & 3 Ave (3135) 2019-11-28 to 2020-04-03)
00:00:11, iterate for E 76 St & Park Ave (3378) 2019-11-28 to 2020-04-03)
00:00:11, iterate for E 77 St & 3 Ave (3154) 2019-11-28 to 2020-04-03)
00:00:12, iterate for E 78 St & 2 Ave (3370) 2019-11-28 to 2020-04-03)
00:00:12, iterate for E 81 St & 2 Ave (3671) 2019-11-28 to 2020-04-03)
00:00:13, iterate for E 81 St & 3 Ave (3146) 2019-11-28 to 2020-04-03)
00:00:12, iterate for E 81 St & Park Ave (3144) 2019-11-28 to 2020-04-03)
00:00:12, iterate for E 81 St & York Ave (3151) 2019-11-28 to 2020-04-03)
00:00:12, iterate for E 82 St & East End Ave (3369) 2019-11-28 to 2020-04-03)
00:00:14, iterate for E 84 St & 1 Ave (3148) 2019-11-28 to 2020-04-03)
00:00:15, iterate for E 84 St & Park Ave (3145) 2019-11-28 to 2020-04-03)
00:00:18, iterate for E 85 St & 3 Ave (3147) 2019-11-28 to 2020-04-03)
00:00:16, iterate for E 85 St & York Ave (3150) 2019-11-28 to 2020-04-03)
00:00:15, iterate for E 88 St & 1 Ave (3288) 2019-11-28 to 2020-04-03)
00:00:16, iterate for E 88 St & Park Ave (3284) 2019-11-28 to 2020-04-03)
00:00:16, iterate for E 89 St & 3 Ave (3286) 2019-11-28 to 2020-04-03)
00:00:14, iterate for E 89 St & York Ave (3290) 2019-11-28 to 2020-04-03)
00:00:12, iterate for E 9 St & Avenue C (394) 2019-11-28 to 2020-04-03)
00:00:14, iterate for E 91 St & 2 Ave (3305) 2019-11-28 to 2020-04-03)
00:00:14, iterate for E 91 St & Park Ave (3294) 2019-11-28 to 2020-04-03)
00:00:14, iterate for E 93 St & 2 Ave (3296) 2019-11-28 to 2020-04-03)
00:00:17, iterate for E 95 St & 3 Ave (3325) 2019-11-28 to 2020-04-03)
00:00:12, iterate for E 97 St & 3 Ave (3309) 2019-11-28 to 2020-04-03)
00:00:12, iterate for E 97 St & Madison Ave (3336) 2019-11-28 to 2020-04-03)
00:00:13, iterate for E 98 St & Park Ave (3299) 2019-11-28 to 2020-04-03)
00:00:12, iterate for East End Ave & E 86 St (3157) 2019-11-28 to 2020-04-03)
00:00:13, iterate for Eastern Pkwy & Franklin Ave (3584) 2019-11-28 to 2020-04-03)
00:00:13, iterate for Eastern Pkwy & Washington Ave (3583) 2019-11-28 to 2020-04-03)
00:00:14, iterate for Eldert St & Bushwick Ave (3828) 2019-11-28 to 2020-04-03)
00:00:12, iterate for Emerson Pl & Myrtle Ave (354) 2019-11-28 to 2020-04-03)
00:00:12, iterate for Engert Ave & McGuinness Blvd (3857) 2019-11-28 to 2020-04-03)
00:00:14, iterate for Essex Light Rail (3214) 2019-11-28 to 2020-04-03)
00:00:14, iterate for Evergreen Ave & Noll St (3821) 2019-11-28 to 2020-04-03)
00:00:14, iterate for FDR Drive & E 35 St (501) 2019-11-28 to 2020-04-03)
00:00:13, iterate for Fairmount Ave (3678) 2019-11-28 to 2020-04-03)
00:00:12, iterate for Fairview Ave & Linden St (3902) 2019-12-17 to 2020-04-03)
00:00:13, iterate for Flushing Ave & Vanderbilt Ave (3648) 2019-11-28 to 2020-04-03)
00:00:15, iterate for Flushing Ave & Woodward Ave (3887) 2019-11-28 to 2020-04-03)
00:00:16, iterate for Forest Ave & Summerfield St (3876) 2019-11-28 to 2020-04-03)
00:00:17, iterate for Forsyth St & Broome St (531) 2019-11-28 to 2020-04-03)
00:00:15, iterate for Forsyth St & Canal St (412) 2019-11-28 to 2020-04-03)
00:00:12, iterate for Franklin Ave & Empire Blvd (3599) 2019-11-28 to 2020-04-03)
00:00:15, iterate for Franklin Ave & Myrtle Ave (372) 2019-11-28 to 2020-04-03)
00:00:13, iterate for Franklin Ave & St Marks Ave (3569) 2019-11-28 to 2020-04-03)
00:00:18, iterate for Franklin St & Dupont St (3117) 2019-11-28 to 2020-04-03)
00:00:14, iterate for Franklin St & W Broadway (79) 2019-11-28 to 2020-04-03)
00:00:14, iterate for Frederick Douglass Blvd & W 112 St (3553) 2019-11-28 to 2020-04-03)
00:00:15, iterate for Frederick Douglass Blvd & W 115 St (3630) 2019-11-28 to 2020-04-03)
00:00:14, iterate for Frederick Douglass Blvd & W 117 St (3534) 2019-11-28 to 2020-04-03)
00:00:17, iterate for Frederick Douglass Blvd & W 129 St (3531) 2019-11-28 to 2020-04-03)
00:00:14, iterate for Front St & Gold St (418) 2019-11-28 to 2020-04-03)
00:00:19, iterate for Front St & Jay St (3804) 2019-11-28 to 2020-04-03)
00:00:17, iterate for Front St & Maiden Ln (351) 2019-11-28 to 2020-04-03)
00:00:16, iterate for Front St & Washington St (2000) 2019-11-28 to 2020-04-03)
00:00:14, iterate for Frost St & Debevoise Ave (3855) 2019-11-28 to 2020-04-03)
00:00:15, iterate for Frost St & Meeker Ave (3727) 2019-11-28 to 2020-04-03)
00:00:14, iterate for Fulton St & Adams St (3440) 2019-11-28 to 2020-04-03)
00:00:15, iterate for Fulton St & Broadway (319) 2019-11-28 to 2020-04-03)
00:00:12, iterate for Fulton St & Clermont Ave (397) 2019-11-28 to 2020-04-03)
00:00:15, iterate for Fulton St & Irving Pl (3789) 2019-11-28 to 2020-04-03)
00:00:15, iterate for Fulton St & Utica Ave (3042) 2019-11-28 to 2020-04-03)
00:00:13, iterate for Fulton St & Waverly Ave (3637) 2019-11-28 to 2020-04-03)
00:00:12, iterate for Fulton St & William St (316) 2019-11-28 to 2020-04-03)
00:00:11, iterate for Gansevoort St & Hudson St (3686) 2019-11-28 to 2020-04-03)
00:00:13, iterate for Garfield Pl & 8 Ave (3358) 2019-11-28 to 2020-04-03)
00:00:13, iterate for George St & Wilson Ave (3758) 2019-11-28 to 2020-04-03)
00:00:11, iterate for Glenwood Ave (3677) 2019-11-28 to 2020-04-03)
00:00:12, iterate for Graham Ave & Conselyea St (3086) 2019-11-28 to 2020-04-03)
00:00:14, iterate for Graham Ave & Grand St (3081) 2019-11-28 to 2020-04-03)
00:00:14, iterate for Graham Ave & Herbert St (3095) 2019-11-28 to 2020-04-03)
00:00:14, iterate for Graham Ave & Withers St (3094) 2019-11-28 to 2020-04-03)
00:00:13, iterate for Grand Army Plaza & Central Park S (281) 2019-11-28 to 2020-04-03)
00:00:13, iterate for Grand Army Plaza & Plaza St West (3349) 2019-11-28 to 2020-04-03)
00:00:11, iterate for Grand Ave & Bergen St (3549) 2019-11-28 to 2020-04-03)
00:00:13, iterate for Grand St (3681) 2019-11-28 to 2020-04-03)
00:00:14, iterate for Grand St & Elizabeth St (3435) 2019-11-28 to 2020-04-03)
00:00:07, iterate for Grand St & Greene St (2010) 2020-01-31 to 2020-04-03)
00:00:12, iterate for Grand St & Havemeyer St (471) 2019-11-28 to 2020-04-03)
00:00:12, iterate for Great Jones St (229) 2019-11-28 to 2020-04-03)
00:00:13, iterate for Green St & McGuinness Blvd (3819) 2019-11-28 to 2020-04-03)
00:00:13, iterate for Greene Av & Myrtle Av (3781) 2019-11-28 to 2020-04-03)
00:00:10, iterate for Greene Ave & Grandview Ave (3910) 2019-12-17 to 2020-04-03)
00:00:12, iterate for Greene Ave & Nostrand Ave (3055) 2019-11-28 to 2020-04-03)
00:00:12, iterate for Greene Ave & Throop Ave (3054) 2019-11-28 to 2020-04-03)
00:00:14, iterate for Greenpoint Ave & Manhattan Ave (3113) 2019-11-28 to 2020-04-03)
00:00:31, iterate for Greenwich Ave & 8 Ave (284) 2019-11-28 to 2020-04-03)
00:00:32, iterate for Greenwich Ave & Charles St (383) 2019-11-28 to 2020-04-03)
00:00:19, iterate for Greenwich St & W Houston St (347) 2019-11-28 to 2020-04-03)
00:00:17, iterate for Grove St & Broadway (3890) 2019-11-28 to 2020-04-03)
00:00:17, iterate for Grove St PATH (3186) 2019-11-28 to 2020-04-03)
00:00:15, iterate for Halsey St & Broadway (3827) 2019-11-28 to 2020-04-03)
00:00:13, iterate for Halsey St & Evergreen Ave (3830) 2019-11-28 to 2020-04-03)
00:00:13, iterate for Halsey St & Tompkins Ave (3047) 2019-11-28 to 2020-04-03)
00:00:12, iterate for Hamilton Park (3203) 2019-11-28 to 2020-04-03)
00:00:19, iterate for Hancock St & Bedford Ave (436) 2019-11-28 to 2020-04-03)
00:00:13, iterate for Hancock St & Wyckoff Ave (3872) 2019-11-28 to 2020-04-03)
00:00:13, iterate for Hanson Pl & Ashland Pl (3429) 2019-11-28 to 2020-04-03)
00:00:11, iterate for Harborside (3639) 2019-11-28 to 2020-04-03)
00:00:11, iterate for Harman St & Seneca Ave (3883) 2019-11-28 to 2020-04-03)
00:00:13, iterate for Harrison Pl & Porter Ave (3853) 2019-11-28 to 2020-04-03)
00:00:12, iterate for Harrison St & Hudson St (249) 2019-11-28 to 2020-04-03)
00:00:12, iterate for Hart St & Wyckoff Ave (3779) 2019-11-28 to 2020-04-03)
00:00:12, iterate for Heights Elevator (3198) 2019-11-28 to 2020-04-03)
00:00:12, iterate for Henry St & Atlantic Ave (157) 2019-11-28 to 2020-04-03)
00:00:12, iterate for Henry St & Bay St (3330) 2019-11-28 to 2020-04-03)
00:00:12, iterate for Henry St & Degraw St (3315) 2019-11-28 to 2020-04-03)
00:00:12, iterate for Henry St & Grand St (502) 2019-11-28 to 2020-04-03)
00:00:14, iterate for Henry St & Middagh St (3790) 2019-11-28 to 2020-04-03)
00:00:12, iterate for Henry St & W 9 St (3395) 2019-11-28 to 2020-04-03)
00:00:13, iterate for Hicks St & Montague St (406) 2019-11-28 to 2020-04-03)
00:00:12, iterate for Hilltop (3206) 2019-11-28 to 2020-04-03)
00:00:12, iterate for Hoboken Ave at Monmouth St (3791) 2019-11-28 to 2020-04-03)
00:00:16, iterate for Hope St & Union Ave (3082) 2019-11-28 to 2020-04-03)
00:00:11, iterate for Howard St & Centre St (268) 2019-11-28 to 2020-04-03)
00:00:02, iterate for Hoyt St & Warren St (3421) 2020-03-10 to 2020-04-03)
00:00:12, iterate for Hudson St & Reade St (146) 2019-11-28 to 2020-04-03)
00:00:13, iterate for Humboldt St & Varet St (3068) 2019-11-28 to 2020-04-03)
00:00:14, iterate for Huron St & Franklin St (3116) 2019-11-28 to 2020-04-03)
00:00:13, iterate for India St & Manhattan Ave (3115) 2019-11-28 to 2020-04-03)
00:00:11, iterate for India St & West St (3469) 2019-11-28 to 2020-04-03)
00:00:13, iterate for Irving Ave & DeKalb Ave (3778) 2019-11-28 to 2020-04-03)
00:00:11, iterate for Irving Ave & Halsey St (3834) 2019-11-28 to 2020-04-03)
00:00:11, iterate for Irving Ave & Harman St (3845) 2019-11-28 to 2020-04-03)
00:00:15, iterate for Irving Ave & Jefferson St (3759) 2019-11-28 to 2020-04-03)
00:00:13, iterate for Irving Ave & Palmetto St (3891) 2019-11-28 to 2020-04-03)
00:00:13, iterate for JC Medical Center (3205) 2019-11-28 to 2020-04-03)
00:00:12, iterate for Jackson Ave & 46 Rd (3121) 2019-11-28 to 2020-04-03)
00:00:14, iterate for Jackson Square (3694) 2019-11-28 to 2020-04-03)
00:00:12, iterate for Jackson St & Leonard St (3456) 2019-11-28 to 2020-04-03)
00:00:12, iterate for Jay St & Tech Pl (392) 2019-11-28 to 2020-04-03)
00:00:13, iterate for Jay St & York St (3674) 2019-11-28 to 2020-04-03)
00:00:12, iterate for Jefferson Ave & Evergreen Ave (3903) 2019-11-28 to 2020-04-03)
00:00:15, iterate for Jefferson St & Cypress Ave (3850) 2019-11-28 to 2020-04-03)
00:00:12, iterate for Jersey & 6th St (3270) 2019-11-28 to 2020-04-03)
00:00:13, iterate for John St & William St (376) 2019-11-28 to 2020-04-03)
00:00:11, iterate for Johnson St & Gold St (261) 2019-11-28 to 2020-04-03)
00:00:12, iterate for Journal Square (3640) 2019-11-28 to 2020-04-03)
00:00:13, iterate for Kane St & Clinton St (3308) 2019-11-28 to 2020-04-03)
00:00:12, iterate for Kent Ave & N 7 St (3016) 2019-11-28 to 2020-04-03)
00:00:12, iterate for Kent Ave & S 11 St (282) 2019-11-28 to 2020-04-03)
00:00:11, iterate for Kent St & McGuinness Blvd (3858) 2019-11-28 to 2020-04-03)
00:00:11, iterate for Kingsland Ave & Nassau Ave (3856) 2019-11-28 to 2020-04-03)
00:00:12, iterate for Kingston Ave & Herkimer St (3041) 2019-11-28 to 2020-04-03)
00:00:11, iterate for Knickerbocker Ave & Cooper St (3865) 2019-11-28 to 2020-04-03)
00:00:11, iterate for Knickerbocker Ave & George St (3774) 2019-11-28 to 2020-04-03)
00:00:11, iterate for Knickerbocker Ave & Halsey St (3868) 2019-11-28 to 2020-04-03)
00:00:11, iterate for Knickerbocker Ave & Hancock St (3835) 2019-11-28 to 2020-04-03)
00:00:12, iterate for Knickerbocker Ave & Thames St (3773) 2019-11-28 to 2020-04-03)
00:00:11, iterate for Kosciuszko St & Nostrand Ave (3056) 2019-11-28 to 2020-04-03)
00:00:14, iterate for Kosciuszko St & Tompkins Ave (3057) 2019-11-28 to 2020-04-03)
00:00:14, iterate for LaGuardia Pl & W 3 St (161) 2019-11-28 to 2020-04-03)
00:00:15, iterate for Lafayette Ave & Classon Ave (364) 2019-11-28 to 2020-04-03)
00:00:18, iterate for Lafayette Ave & Fort Greene Pl (274) 2019-11-28 to 2020-04-03)
00:00:16, iterate for Lafayette Ave & St James Pl (399) 2019-11-28 to 2020-04-03)
00:00:17, iterate for Lafayette Park (3268) 2019-11-28 to 2020-04-03)
00:00:14, iterate for Lafayette St & E 8 St (293) 2019-11-28 to 2020-04-03)
00:00:13, iterate for Lafayette St & Jersey St (250) 2019-11-28 to 2020-04-03)
00:00:14, iterate for Laight St & Hudson St (248) 2019-11-28 to 2020-04-03)
00:00:12, iterate for Lawrence St & Willoughby St (323) 2019-11-28 to 2020-04-03)
00:00:14, iterate for Lefferts Pl & Franklin Ave (396) 2019-11-28 to 2020-04-03)
00:00:12, iterate for Lenox Ave & W 111 St (3521) 2019-11-28 to 2020-04-03)
00:00:11, iterate for Lenox Ave & W 115 St (3509) 2019-11-28 to 2020-04-03)
00:00:12, iterate for Lenox Ave & W 117 St (3628) 2019-11-28 to 2020-04-03)
00:00:12, iterate for Lenox Ave & W 126 St (3518) 2019-11-28 to 2020-04-03)
00:00:12, iterate for Lenox Ave & W 130 St (3529) 2019-11-28 to 2020-04-03)
00:00:13, iterate for Leonard Gordon Park (3281) 2019-11-28 to 2020-04-03)
00:00:13, iterate for Leonard St & Boerum St (3072) 2019-11-28 to 2020-04-03)
00:00:14, iterate for Leonard St & Church St (320) 2019-11-28 to 2020-04-03)
00:00:18, iterate for Leonard St & Maujer St (3454) 2019-11-28 to 2020-04-03)
00:00:12, iterate for Leonard St & Nassau Ave (3668) 2019-11-28 to 2020-04-03)
00:00:13, iterate for Lewis Ave & Decatur St (3043) 2019-11-28 to 2020-04-03)
00:00:13, iterate for Lewis Ave & Kosciuszko St (3058) 2019-11-28 to 2020-04-03)
00:00:14, iterate for Lewis Ave & Madison St (3052) 2019-11-28 to 2020-04-03)
00:00:12, iterate for Lexington Ave & Classon Ave (120) 2019-11-28 to 2020-04-03)
00:00:12, iterate for Lexington Ave & E 111 St (3502) 2019-11-28 to 2020-04-03)
00:00:14, iterate for Lexington Ave & E 120 St (3506) 2019-11-28 to 2020-04-03)
00:00:14, iterate for Lexington Ave & E 127 St (3505) 2019-11-28 to 2020-04-03)
00:00:14, iterate for Lexington Ave & E 26 St (3707) 2019-11-28 to 2020-04-03)
00:00:13, iterate for Lexington Ave & E 29 St (540) 2019-11-28 to 2020-04-03)
00:00:13, iterate for Lexington Ave & E 36 St (3749) 2019-11-28 to 2020-04-03)
00:00:16, iterate for Liberty Light Rail (3192) 2019-11-28 to 2020-04-03)
00:00:13, iterate for Liberty St & Broadway (195) 2019-11-28 to 2020-04-03)
00:00:12, iterate for Lincoln Park (3193) 2019-11-28 to 2020-04-03)
00:00:12, iterate for Lincoln Pl & Classon Ave (3582) 2019-11-28 to 2020-04-03)
00:00:14, iterate for Linden St & Knickerbocker Ave (3862) 2019-11-28 to 2020-04-03)
00:00:12, iterate for Lispenard St & Broadway (257) 2019-11-28 to 2020-04-03)
00:00:11, iterate for Little West St & 1 Pl (2008) 2019-11-28 to 2020-04-03)
00:00:13, iterate for Lorimer St & Broadway (3069) 2019-11-28 to 2020-04-03)
00:00:11, iterate for Lorimer St & Calyer St (3859) 2019-12-03 to 2020-04-03)
00:00:12, iterate for MacDougal St & Prince St (128) 2019-11-28 to 2020-04-03)
00:00:12, iterate for MacDougal St & Washington Sq (252) 2019-11-28 to 2020-04-03)
00:00:11, iterate for Macon St & Nostrand Ave (437) 2019-11-28 to 2020-04-03)
00:00:13, iterate for Madison Ave & E 120 St (3503) 2019-11-28 to 2020-04-03)
00:00:15, iterate for Madison Ave & E 82 St (3362) 2019-11-28 to 2020-04-03)
00:00:13, iterate for Madison Ave & E 99 St (3345) 2019-11-28 to 2020-04-03)
00:00:12, iterate for Madison St & Clinton St (340) 2019-11-28 to 2020-04-03)
00:00:13, iterate for Madison St & Cypress Ave (3873) 2019-11-28 to 2020-04-03)
00:00:13, iterate for Madison St & Evergreen Ave (3833) 2019-11-28 to 2020-04-03)
00:00:12, iterate for Madison St & Forest Ave (3877) 2019-12-03 to 2020-04-03)
00:00:13, iterate for Madison St & Montgomery St (291) 2019-11-28 to 2020-04-03)
00:00:14, iterate for Madison St & Seneca Ave (3896) 2019-11-28 to 2020-04-03)
00:00:10, iterate for Madison St & Woodward Ave (3909) 2019-12-17 to 2020-04-03)
00:00:15, iterate for Maiden Ln & Pearl St (264) 2019-11-28 to 2020-04-03)
00:00:13, iterate for Manhattan Av & Leonard St (3899) 2019-11-28 to 2020-04-03)
00:00:16, iterate for Manila & 1st (3273) 2019-11-28 to 2020-04-03)
00:00:13, iterate for Marcus Garvey Blvd & Macon St (3046) 2019-11-28 to 2020-04-03)
00:00:12, iterate for Marcy Ave & Lafayette Ave (3053) 2019-11-28 to 2020-04-03)
00:00:15, iterate for Marin Light Rail (3276) 2019-11-28 to 2020-04-03)
00:00:13, iterate for Market St & Cherry St (408) 2019-11-28 to 2020-04-03)
00:00:15, iterate for McGinley Square (3194) 2019-11-28 to 2020-04-03)
00:00:16, iterate for McGuinness Blvd & Eagle St (3118) 2019-11-28 to 2020-04-03)
00:00:13, iterate for McKibbin St & Bogart St (3771) 2019-11-28 to 2020-04-03)
00:00:14, iterate for McKibbin St & Manhattan Ave (3070) 2019-11-28 to 2020-04-03)
00:00:14, iterate for Melrose St & Broadway (3870) 2019-11-28 to 2020-04-03)
00:00:14, iterate for Menahan St & Central Ave (3841) 2019-11-28 to 2020-04-03)
00:00:13, iterate for Menahan St & Onderdonk Ave (3886) 2019-11-28 to 2020-04-03)
00:00:11, iterate for Menahan St & Seneca Ave (3874) 2019-11-28 to 2020-04-03)
00:00:12, iterate for Menahan St & Wyckoff Ave (3861) 2019-11-28 to 2020-04-03)
00:00:13, iterate for Mercer St & Bleecker St (3260) 2019-11-28 to 2020-04-03)
00:00:16, iterate for Mercer St & Spring St (303) 2019-11-28 to 2020-04-03)
00:00:12, iterate for Meserole Ave & Manhattan Ave (3110) 2019-11-28 to 2020-04-03)
00:00:16, iterate for Metropolitan Ave & Bedford Ave (539) 2019-11-28 to 2020-04-03)
00:00:16, iterate for Metropolitan Ave & Meeker Ave (3087) 2019-11-28 to 2020-04-03)
00:00:23, iterate for Metropolitan Ave & Stewart Ave (3851) 2019-11-28 to 2020-04-03)
00:00:17, iterate for Metropolitan Ave & Vandervoort Ave (3816) 2019-11-28 to 2020-04-03)
00:00:27, iterate for Milton St & Franklin St (3112) 2019-11-28 to 2020-04-03)
00:00:25, iterate for Moffat St & Bushwick (3826) 2019-11-28 to 2020-04-03)
00:00:15, iterate for Monmouth and 6th (3278) 2019-11-28 to 2020-04-03)
00:00:12, iterate for Monroe St & Bedford Ave (344) 2019-11-28 to 2020-04-03)
00:00:12, iterate for Monroe St & Classon Ave (289) 2019-11-28 to 2020-04-03)
00:00:10, iterate for Monroe St & Tompkins Ave (3241) 2019-11-28 to 2020-04-03)
00:00:11, iterate for Montague St & Clinton St (3246) 2019-11-28 to 2020-04-03)
00:00:12, iterate for Montgomery St (3483) 2019-11-28 to 2020-04-03)
00:00:14, iterate for Montgomery St & Franklin Ave (3661) 2019-11-28 to 2020-04-03)
00:00:12, iterate for Montrose Ave & Bushwick Ave (3074) 2019-11-28 to 2020-04-03)
00:00:12, iterate for Morgan Ave & Lombardy St (3900) 2019-11-28 to 2020-04-03)
00:00:12, iterate for Morgan Ave & Maspeth Ave (3854) 2019-11-28 to 2020-04-03)
00:00:12, iterate for Morningside Ave & W 123 St (3540) 2019-11-28 to 2020-04-03)
00:00:15, iterate for Morningside Dr & Amsterdam Ave (3543) 2019-11-28 to 2020-04-03)
00:00:12, iterate for Morris Canal (3267) 2019-11-28 to 2020-04-03)
00:00:11, iterate for Mott St & Prince St (251) 2019-11-28 to 2020-04-03)
00:00:11, iterate for Mt Morris Park W & W 120 St (3535) 2019-11-28 to 2020-04-03)
00:00:12, iterate for Murray St & Greenwich St (3461) 2019-11-28 to 2020-04-03)
00:00:13, iterate for Murray St & West St (309) 2019-11-28 to 2020-04-03)
00:00:11, iterate for Myrtle Ave & Grove St (3843) 2019-11-28 to 2020-04-03)
00:00:11, iterate for Myrtle Ave & Lewis Ave (3064) 2019-11-28 to 2020-04-03)
00:00:12, iterate for Myrtle Ave & Linden St (3844) 2019-11-28 to 2020-04-03)
00:00:12, iterate for Myrtle Ave & Marcy Ave (3062) 2019-11-28 to 2020-04-03)
00:00:11, iterate for Myrtle Ave & St Edwards St (245) 2019-11-28 to 2020-04-03)
00:00:12, iterate for N 11 St & Kent Ave (3693) 2019-11-28 to 2020-04-03)
00:00:11, iterate for N 12 St & Bedford Ave (3101) 2019-11-28 to 2020-04-03)
00:00:11, iterate for N 15 St & Wythe Ave (3105) 2019-11-28 to 2020-04-03)
00:00:12, iterate for N 6 St & Bedford Ave (3093) 2019-11-28 to 2020-04-03)
00:00:13, iterate for Nassau Ave & Newell St (3100) 2019-11-28 to 2020-04-03)
00:00:13, iterate for Nassau Ave & Russell St (3108) 2019-11-28 to 2020-04-03)
00:00:14, iterate for Nassau St & Navy St (144) 2019-11-28 to 2020-04-03)
00:00:12, iterate for Newark Ave (3211) 2019-11-28 to 2020-04-03)
00:00:12, iterate for Newport PATH (3202) 2019-11-28 to 2020-04-03)
00:00:13, iterate for Newport Pkwy (3199) 2019-11-28 to 2020-04-03)
00:00:13, iterate for Newton Rd & 44 St (3598) 2019-11-28 to 2020-04-03)
00:00:13, iterate for Newtown Ave & 23 St (3619) 2019-11-28 to 2020-04-03)
00:00:15, iterate for Norfolk St & Broome St (311) 2019-11-28 to 2020-04-03)
00:00:24, iterate for Norman St & Wyckoff Ave (3882) 2019-11-28 to 2020-04-03)
00:00:21, iterate for North Moore St & Greenwich St (3664) 2019-11-28 to 2020-04-03)
00:00:19, iterate for Nostrand Ave & Myrtle Ave (3063) 2019-11-28 to 2020-04-03)
00:00:17, iterate for Oakland Ave (3207) 2019-11-28 to 2020-04-03)
00:00:12, iterate for Old Fulton St (217) 2019-11-28 to 2020-04-03)
00:00:13, iterate for Onderdonk Ave & Gates Ave (3885) 2019-11-28 to 2020-04-03)
00:00:17, iterate for Pacific St & Classon Ave (3546) 2019-11-28 to 2020-04-03)
00:00:18, iterate for Pacific St & Nevins St (3412) 2019-11-28 to 2020-04-03)
00:00:13, iterate for Park Ave & E 124 St (3507) 2019-11-28 to 2020-04-03)
00:00:17, iterate for Park Ave & Marcus Garvey Blvd (3179) 2019-11-28 to 2020-04-03)
00:00:22, iterate for Park Ave & St Edwards St (119) 2019-11-28 to 2020-04-03)
00:00:17, iterate for Park Pl & Church St (3690) 2019-11-28 to 2020-04-03)
00:00:13, iterate for Park Pl & Franklin Ave (3578) 2019-11-28 to 2020-04-03)
00:00:12, iterate for Park Pl & Vanderbilt Ave (3576) 2019-11-28 to 2020-04-03)
00:00:12, iterate for Paulus Hook (3184) 2019-11-28 to 2020-04-03)
00:00:20, iterate for Pearl St & Hanover Square (415) 2019-11-28 to 2020-04-03)
00:00:09, iterate for Pearl St & Peck Slip (3916) 2020-01-24 to 2020-04-03)
00:00:27, iterate for Perry St & Bleecker St (247) 2019-11-28 to 2020-04-03)
00:00:26, iterate for Perry St & Greenwich Ave (3739) 2019-12-12 to 2020-04-03)
00:00:16, iterate for Pershing Field (3210) 2019-11-28 to 2020-04-03)
00:00:12, iterate for Pershing Square North (519) 2019-11-28 to 2020-04-03)
00:00:14, iterate for Pershing Square South (517) 2019-11-28 to 2020-04-03)
00:00:18, iterate for Pier 40 - Hudson River Park (3256) 2019-11-28 to 2020-04-03)
00:00:18, iterate for Pierrepont St & Monroe Pl (3728) 2019-11-28 to 2020-04-03)
00:00:18, iterate for Pike St & E Broadway (295) 2019-11-28 to 2020-04-03)
00:00:15, iterate for Pike St & Monroe St (331) 2019-11-28 to 2020-04-03)
00:00:28, iterate for Pioneer St & Richards St (3342) 2019-11-28 to 2020-04-03)
00:00:21, iterate for Pioneer St & Van Brunt St (3344) 2019-11-28 to 2020-04-03)
00:00:16, iterate for Pitt St & Stanton St (400) 2019-11-28 to 2020-04-03)
00:00:13, iterate for Plaza St West & Flatbush Ave (3418) 2019-11-28 to 2020-04-03)
00:00:20, iterate for Pleasant Ave & E 116 St (3497) 2019-11-28 to 2020-04-03)
00:00:28, iterate for Pleasant Ave & E 120 St (3498) 2019-11-28 to 2020-04-03)
00:00:26, iterate for Powers St & Olive St (3767) 2019-11-28 to 2020-04-03)
00:00:23, iterate for President St & Henry St (3388) 2019-11-28 to 2020-04-03)
00:00:17, iterate for Prospect Park West & 8 St (3300) 2019-11-28 to 2020-04-03)
00:00:23, iterate for Prospect Pl & 6 Ave (3415) 2019-11-28 to 2020-04-03)
00:01:59, iterate for Prospect Pl & Underhill Ave (3574) 2019-11-28 to 2020-04-03)
00:00:23, iterate for Pulaski St & Marcus Garvey Blvd (3059) 2019-11-28 to 2020-04-03)
00:00:22, iterate for Putnam Ave & Knickerbocker Ave (3839) 2019-11-28 to 2020-04-03)
00:00:16, iterate for Putnam Ave & Nostrand Ave (3048) 2019-11-28 to 2020-04-03)
00:00:24, iterate for Putnam Ave & Throop Ave (3050) 2019-11-28 to 2020-04-03)
00:00:23, iterate for Putnam Ave & Wyckoff Ave (3840) 2019-11-28 to 2020-04-03)
00:00:21, iterate for Queens Plaza North & Crescent St (3129) 2019-11-28 to 2020-04-03)
00:00:17, iterate for Railroad Ave & Kay Ave (2005) 2019-11-28 to 2020-04-03)
00:00:18, iterate for Reade St & Broadway (330) 2019-11-28 to 2020-04-03)
00:00:17, iterate for Richards St & Delavan St (3393) 2019-11-28 to 2020-04-03)
00:00:19, iterate for Richardson St & N Henry St (3430) 2019-11-28 to 2020-04-03)
00:00:18, iterate for Riverside Blvd & W 67 St (3173) 2019-11-28 to 2020-04-03)
00:00:16, iterate for Riverside Dr & W 104 St (3331) 2019-11-28 to 2020-04-03)
00:00:17, iterate for Riverside Dr & W 72 St (3166) 2019-11-28 to 2020-04-03)
00:00:18, iterate for Riverside Dr & W 78 St (3178) 2019-11-28 to 2020-04-03)
00:00:19, iterate for Riverside Dr & W 82 St (3169) 2019-11-28 to 2020-04-03)
00:00:17, iterate for Riverside Dr & W 91 St (3437) 2019-11-28 to 2020-04-03)
00:00:18, iterate for Riverview Park (3196) 2019-11-28 to 2020-04-03)
00:00:17, iterate for Rivington St & Chrystie St (473) 2019-11-28 to 2020-04-03)
00:00:17, iterate for Rivington St & Ridge St (349) 2019-11-28 to 2020-04-03)
00:00:15, iterate for Rockaway Ave & Bainbridge St (3893) 2019-11-28 to 2020-04-03)
00:00:14, iterate for Roebling St & N 4 St (3085) 2019-11-28 to 2020-04-03)
00:00:18, iterate for Rogers Ave & Sterling St (3604) 2019-11-28 to 2020-04-03)
00:00:17, iterate for S 3 St & Bedford Ave (481) 2019-11-28 to 2020-04-03)
00:00:17, iterate for S 4 St & Rodney St (3080) 2019-11-28 to 2020-04-03)
00:00:18, iterate for S 4 St & Wythe Ave (460) 2019-11-28 to 2020-04-03)
00:00:15, iterate for S 5 Pl & S 5 St (532) 2019-11-28 to 2020-04-03)
00:00:16, iterate for S Portland Ave & Hanson Pl (353) 2019-11-28 to 2020-04-03)
00:00:09, iterate for Sands St Gate (3913) 2020-02-04 to 2020-04-03)
00:00:20, iterate for Schermerhorn St & Bond St (3486) 2019-11-28 to 2020-04-03)
00:00:18, iterate for Schermerhorn St & Court St (3242) 2019-11-28 to 2020-04-03)
00:00:19, iterate for Scholes St & Manhattan Ave (3076) 2019-11-28 to 2020-04-03)
00:00:19, iterate for Sharon St & Olive St (3766) 2019-11-28 to 2020-04-03)
00:00:17, iterate for Sigourney St & Columbia St (3352) 2019-11-28 to 2020-04-03)
00:00:18, iterate for Sip Ave (3195) 2019-11-28 to 2020-04-03)
00:00:18, iterate for Smith St & 3 St (3384) 2019-11-28 to 2020-04-03)
00:00:18, iterate for Smith St & 9 St (3398) 2019-11-28 to 2020-04-03)
00:00:20, iterate for Somers St & Broadway (3867) 2019-11-28 to 2020-04-03)
00:00:18, iterate for South End Ave & Liberty St (3002) 2019-11-28 to 2020-04-03)
00:00:19, iterate for South St & Gouverneur Ln (315) 2019-11-28 to 2020-04-03)
00:00:19, iterate for South St & Whitehall St (259) 2019-11-28 to 2020-04-03)
00:00:16, iterate for Spruce St & Nassau St (224) 2019-11-28 to 2020-04-03)
00:00:15, iterate for St James Pl & Oliver St (308) 2019-11-28 to 2020-04-03)
00:00:17, iterate for St James Pl & Pearl St (82) 2019-11-28 to 2020-04-03)
00:00:18, iterate for St Johns Pl & Washington Ave (3580) 2019-11-28 to 2020-04-03)
00:00:15, iterate for St Marks Pl & 1 Ave (438) 2019-11-28 to 2020-04-03)
00:00:17, iterate for St Marks Pl & 2 Ave (236) 2019-11-28 to 2020-04-03)
00:00:16, iterate for St Nicholas Ave & Manhattan Ave (3508) 2019-11-28 to 2020-04-03)
00:00:19, iterate for St. Nicholas Ave & W 126 St (3533) 2019-11-28 to 2020-04-03)
00:00:13, iterate for Stagg St & Morgan Ave (3757) 2019-11-28 to 2020-04-03)
00:00:12, iterate for Stagg St & Union Ave (3077) 2019-11-28 to 2020-04-03)
00:00:12, iterate for Stanhope St & Fairview Ave (3901) 2019-11-28 to 2020-04-03)
00:00:15, iterate for Stanton St & Chrystie St (265) 2019-11-28 to 2020-04-03)
00:00:13, iterate for Stanton St & Mangin St (341) 2019-11-28 to 2020-04-03)
00:00:16, iterate for Stanton St & Norfolk St (3737) 2019-11-28 to 2020-04-03)
00:00:20, iterate for State St & Smith St (310) 2019-11-28 to 2020-04-03)
00:00:18, iterate for Steinway St & 23 Ave (3528) 2019-11-28 to 2020-04-03)
00:00:13, iterate for Steinway St & 28 Ave (3616) 2019-11-28 to 2020-04-03)
00:00:12, iterate for Stephen St & Seneca Ave (3875) 2019-11-28 to 2020-04-03)
00:00:11, iterate for Sterling Pl & Bedford Ave (3579) 2019-11-28 to 2020-04-03)
00:00:11, iterate for Sterling St & Bedford Ave (3601) 2019-11-28 to 2020-04-03)
00:00:28, iterate for Stewart Ave & Johnson Ave (3852) 2019-11-28 to 2020-04-03)
00:00:23, iterate for Stockholm St & Wilson Ave (3777) 2019-11-28 to 2020-04-03)
00:00:15, iterate for Suffolk St & Stanton St (410) 2019-11-28 to 2020-04-03)
00:00:12, iterate for Sullivan Pl & Bedford Ave (3596) 2019-11-28 to 2020-04-03)
00:00:15, iterate for Sullivan St & Washington Sq (336) 2019-11-28 to 2020-04-03)
00:00:14, iterate for Suydam St & Broadway (3848) 2019-11-28 to 2020-04-03)
00:00:15, iterate for Suydam St & Knickerbocker Ave (3775) 2019-11-28 to 2020-04-03)
00:00:11, iterate for Suydam St & St. Nicholas Ave (3849) 2019-11-28 to 2020-04-03)
00:00:12, iterate for Throop Ave & Myrtle Ave (3061) 2019-11-28 to 2020-04-03)
00:00:22, iterate for Tompkins Ave & Hopkins St (3066) 2019-11-28 to 2020-04-03)
00:00:14, iterate for Underhill Ave & Lincoln Pl (3581) 2019-11-28 to 2020-04-03)
00:00:19, iterate for Underhill Ave & Pacific St (3544) 2019-11-28 to 2020-04-03)
00:00:11, iterate for Union Ave & Jackson St (3088) 2019-11-28 to 2020-04-03)
00:00:11, iterate for Union Ave & N 12 St (3096) 2019-11-28 to 2020-04-03)
00:00:11, iterate for Union Ave & Wallabout St (3065) 2019-11-28 to 2020-04-03)
00:00:12, iterate for Union St (3191) 2019-11-28 to 2020-04-03)
00:00:11, iterate for Union St & 4 Ave (3335) 2019-11-28 to 2020-04-03)
00:00:12, iterate for Union St & Bedford Ave (3585) 2019-11-28 to 2020-04-03)
00:00:12, iterate for Union St & Nevins St (3407) 2019-11-28 to 2020-04-03)
00:00:12, iterate for University Pl & E 14 St (3812) 2019-11-28 to 2020-04-03)
00:00:12, iterate for University Pl & E 8 St (3244) 2019-11-28 to 2020-04-03)
00:00:11, iterate for Van Brunt St & Van Dyke St (3676) 2019-11-28 to 2020-04-03)
00:00:11, iterate for Van Brunt St & Wolcott St (3347) 2019-11-28 to 2020-04-03)
00:00:18, iterate for Van Buren St & Broadway (3869) 2019-11-28 to 2020-04-03)
00:00:22, iterate for Van Sinderen Ave & Truxton St (3824) 2019-11-28 to 2020-04-03)
00:00:13, iterate for Van Vorst Park (3213) 2019-11-28 to 2020-04-03)
00:00:14, iterate for Vernon Blvd & 10 St (3588) 2019-11-28 to 2020-04-03)
00:00:13, iterate for Vernon Blvd & 30 Rd (3610) 2019-11-28 to 2020-04-03)
00:00:11, iterate for Vernon Blvd & 31 Ave (3609) 2019-11-28 to 2020-04-03)
00:00:14, iterate for Vernon Blvd & 41 Rd (3554) 2019-11-28 to 2020-04-03)
00:00:11, iterate for Vernon Blvd & 47 Rd (3611) 2019-11-28 to 2020-04-03)
00:00:11, iterate for Vernon Blvd & 50 Ave (3119) 2019-11-28 to 2020-04-03)
00:00:12, iterate for Verona Pl & Fulton St (3249) 2019-11-28 to 2020-04-03)
00:00:14, iterate for Vesey Pl & River Terrace (327) 2019-11-28 to 2020-04-03)
00:00:12, iterate for W 100 St & Broadway (3350) 2019-11-28 to 2020-04-03)
00:00:15, iterate for W 100 St & Manhattan Ave (3328) 2019-11-28 to 2020-04-03)
00:00:15, iterate for W 104 St & Amsterdam Ave (3689) 2019-11-28 to 2020-04-03)
00:00:13, iterate for W 106 St & Amsterdam Ave (3357) 2019-11-28 to 2020-04-03)
00:00:12, iterate for W 106 St & Central Park West (3323) 2019-11-28 to 2020-04-03)
00:00:25, iterate for W 107 St & Columbus Ave (3343) 2019-11-28 to 2020-04-03)
00:00:15, iterate for W 11 St & 6 Ave (254) 2019-11-28 to 2020-04-03)
00:00:21, iterate for W 110 St & Amsterdam Ave (3538) 2019-11-28 to 2020-04-03)
00:00:14, iterate for W 113 St & Broadway (3552) 2019-11-28 to 2020-04-03)
00:00:13, iterate for W 116 St & Amsterdam Ave (3539) 2019-11-28 to 2020-04-03)
00:00:11, iterate for W 116 St & Broadway (3536) 2019-11-28 to 2020-04-03)
00:00:26, iterate for W 120 St & Claremont Ave (3623) 2019-11-28 to 2020-04-03)
00:00:20, iterate for W 129 St & Convent Ave (3649) 2019-11-28 to 2020-04-03)
00:00:19, iterate for W 13 St & 5 Ave (3708) 2019-11-28 to 2020-04-03)
00:00:18, iterate for W 13 St & 7 Ave (223) 2019-11-28 to 2020-04-03)
00:00:13, iterate for W 15 St & 10 Ave (3472) 2019-11-28 to 2020-04-03)
00:00:13, iterate for W 15 St & 6 Ave (3709) 2019-11-28 to 2020-04-03)
00:00:11, iterate for W 15 St & 7 Ave (482) 2019-11-28 to 2020-04-03)
00:00:12, iterate for W 16 St & The High Line (212) 2019-11-28 to 2020-04-03)
00:00:15, iterate for W 17 St & 8 Ave (116) 2019-11-28 to 2020-04-03)
00:00:15, iterate for W 18 St & 6 Ave (168) 2019-11-28 to 2020-04-03)
00:00:19, iterate for W 18 St & 9 Ave (3658) 2019-11-28 to 2020-04-03)
00:00:14, iterate for W 20 St & 11 Ave (459) 2019-11-28 to 2020-04-03)
00:00:12, iterate for W 20 St & 7 Ave (334) 2019-11-28 to 2020-04-03)
00:00:11, iterate for W 20 St & 8 Ave (470) 2019-11-28 to 2020-04-03)
00:00:16, iterate for W 21 St & 6 Ave (435) 2019-11-28 to 2020-04-03)
00:00:17, iterate for W 22 St & 10 Ave (462) 2019-11-28 to 2020-04-03)
00:00:12, iterate for W 22 St & 8 Ave (453) 2019-11-28 to 2020-04-03)
00:00:12, iterate for W 24 St & 7 Ave (446) 2019-11-28 to 2020-04-03)
00:00:13, iterate for W 25 St & 6 Ave (466) 2019-11-28 to 2020-04-03)
00:00:13, iterate for W 26 St & 10 Ave (388) 2019-11-28 to 2020-04-03)
00:00:11, iterate for W 26 St & 8 Ave (494) 2019-11-28 to 2020-04-03)
00:00:12, iterate for W 27 St & 7 Ave (442) 2019-11-28 to 2020-04-03)
00:00:03, iterate for W 30 St & 10 Ave (3735) 2020-02-28 to 2020-04-03)
00:00:11, iterate for W 31 St & 7 Ave (379) 2019-11-28 to 2020-04-03)
00:00:12, iterate for W 33 St & 7 Ave (492) 2019-11-28 to 2020-04-03)
00:00:11, iterate for W 34 St & 11 Ave (525) 2019-11-28 to 2020-04-03)
00:00:11, iterate for W 35 St & Dyer Ave (3712) 2019-11-28 to 2020-04-03)
00:00:10, iterate for W 37 St & 10 Ave (448) 2019-11-28 to 2020-04-03)
00:00:11, iterate for W 37 St & 5 Ave (485) 2019-11-28 to 2020-04-03)
00:00:11, iterate for W 38 St & 8 Ave (523) 2019-11-28 to 2020-04-03)
00:00:11, iterate for W 4 St & 7 Ave S (380) 2019-11-28 to 2020-04-03)
00:00:11, iterate for W 40 St & 5 Ave (3798) 2019-11-28 to 2020-04-03)
00:00:10, iterate for W 41 St & 8 Ave (477) 2019-11-28 to 2020-04-03)
00:00:09, iterate for W 42 St & 6 Ave (3785) 2019-12-18 to 2020-04-03)
00:00:11, iterate for W 42 St & 8 Ave (529) 2019-11-28 to 2020-04-03)
00:00:11, iterate for W 42 St & Dyer Ave (3236) 2019-11-28 to 2020-04-03)
00:00:11, iterate for W 43 St & 10 Ave (515) 2019-11-28 to 2020-04-03)
00:00:14, iterate for W 44 St & 5 Ave (484) 2019-11-28 to 2020-04-03)
00:00:21, iterate for W 45 St & 6 Ave (493) 2019-11-28 to 2020-04-03)
00:00:22, iterate for W 45 St & 8 Ave (2021) 2019-11-28 to 2020-04-03)
00:00:20, iterate for W 46 St & 11 Ave (508) 2019-11-28 to 2020-04-03)
00:00:27, iterate for W 47 St & 10 Ave (495) 2019-12-06 to 2020-04-03)
00:00:15, iterate for W 47 St & 6 Ave (3731) 2019-12-13 to 2020-04-03)
00:00:17, iterate for W 49 St & 8 Ave (450) 2019-11-28 to 2020-04-03)
00:00:16, iterate for W 50 St & 9 Ave (3699) 2019-11-28 to 2020-04-03)
00:00:13, iterate for W 52 St & 11 Ave (72) 2019-11-28 to 2020-04-03)
00:00:21, iterate for W 52 St & 5 Ave (520) 2019-11-28 to 2020-04-03)
00:00:15, iterate for W 52 St & 6 Ave (3443) 2019-11-28 to 2020-04-03)
00:00:08, iterate for W 53 St & 10 Ave (480) 2020-01-03 to 2020-04-03)
00:00:12, iterate for W 54 St & 9 Ave (423) 2020-01-03 to 2020-04-03)
00:00:18, iterate for W 55 St & 6 Ave (3809) 2019-11-28 to 2020-04-03)
00:00:12, iterate for W 56 St & 10 Ave (513) 2019-11-28 to 2020-04-03)
00:00:13, iterate for W 59 St & 10 Ave (422) 2019-11-28 to 2020-04-03)
00:00:12, iterate for W 63 St & Broadway (3158) 2019-11-28 to 2020-04-03)
00:00:13, iterate for W 64 St & Thelonious Monk Circle (3697) 2019-11-28 to 2020-04-03)
00:00:14, iterate for W 67 St & Broadway (3159) 2019-11-28 to 2020-04-03)
00:00:12, iterate for W 70 St & Amsterdam Ave (3175) 2019-11-28 to 2020-04-03)
00:00:16, iterate for W 74 St & Columbus Ave (3172) 2019-11-28 to 2020-04-03)
00:00:11, iterate for W 76 St & Columbus Ave (3161) 2019-11-28 to 2020-04-03)
00:00:07, iterate for W 82 St & Central Park West (3226) 2020-01-17 to 2020-04-03)
00:00:12, iterate for W 84 St & Broadway (3177) 2019-11-28 to 2020-04-03)
00:00:12, iterate for W 84 St & Columbus Ave (3170) 2019-11-28 to 2020-04-03)
00:00:12, iterate for W 87 St & Amsterdam Ave (3285) 2019-11-28 to 2020-04-03)
00:00:13, iterate for W 87 St & West End Ave (3287) 2019-11-28 to 2020-04-03)
00:00:11, iterate for W 89 St & Columbus Ave (3283) 2019-11-28 to 2020-04-03)
00:00:11, iterate for W 90 St & Amsterdam Ave (3289) 2019-11-28 to 2020-04-03)
00:00:22, iterate for W 92 St & Broadway (3293) 2019-11-28 to 2020-04-03)
00:00:12, iterate for W 95 St & Broadway (3314) 2019-11-28 to 2020-04-03)
00:00:15, iterate for W Broadway & Spring St (3467) 2019-11-28 to 2020-04-03)
00:00:09, iterate for W Broadway & W Houston St (3740) 2019-12-18 to 2020-04-03)
00:00:11, iterate for Warren St (3187) 2019-11-28 to 2020-04-03)
00:00:11, iterate for Warren St & Court St (3298) 2019-11-28 to 2020-04-03)
00:00:11, iterate for Washington Ave & Greene Ave (275) 2019-11-28 to 2020-04-03)
00:00:11, iterate for Washington Ave & Park Ave (313) 2019-11-28 to 2020-04-03)
00:00:11, iterate for Washington Park (262) 2019-11-28 to 2020-04-03)
00:00:11, iterate for Washington Pl & 6 Ave (369) 2019-11-28 to 2020-04-03)
00:00:11, iterate for Washington Pl & Broadway (335) 2019-11-28 to 2020-04-03)
00:00:12, iterate for Washington St (3638) 2019-11-28 to 2020-04-03)
00:00:10, iterate for Washington St & Gansevoort St (405) 2019-11-28 to 2020-04-03)
00:00:10, iterate for Water - Whitehall Plaza (534) 2019-11-28 to 2020-04-03)
00:00:10, iterate for Waterbury St & Stagg St (3768) 2019-11-28 to 2020-04-03)
00:00:13, iterate for Watts St & Greenwich St (328) 2019-11-28 to 2020-04-03)
00:00:17, iterate for West Drive & Prospect Park West (3423) 2019-11-28 to 2020-04-03)
00:00:10, iterate for West End Ave & W 107 St (3366) 2019-11-28 to 2020-04-03)
00:00:05, iterate for West End Ave & W 78 St (3914) 2020-02-06 to 2020-04-03)
00:00:12, iterate for West End Ave & W 94 St (3307) 2019-11-28 to 2020-04-03)
00:00:13, iterate for West St & Chambers St (426) 2019-11-28 to 2020-04-03)
00:00:13, iterate for West Thames St (363) 2019-11-28 to 2020-04-03)
00:00:15, iterate for White St & Johnson Ave (3769) 2019-11-28 to 2020-04-03)
00:00:10, iterate for White St & Moore St (3756) 2019-11-28 to 2020-04-03)
00:00:12, iterate for William St & Pine St (360) 2019-11-28 to 2020-04-03)
00:00:11, iterate for Willoughby Ave & Hall St (244) 2019-11-28 to 2020-04-03)
00:00:15, iterate for Willoughby Ave & Myrtle Ave (3820) 2019-11-28 to 2020-04-03)
00:00:13, iterate for Willoughby Ave & Onderdonk Ave (3880) 2019-11-28 to 2020-04-03)
00:00:11, iterate for Willoughby Ave & Tompkins Ave (3060) 2019-11-28 to 2020-04-03)
00:00:11, iterate for Willoughby Ave & Walworth St (373) 2019-11-28 to 2020-04-03)
00:00:14, iterate for Willoughby Ave & Wyckoff Ave (3760) 2019-11-28 to 2020-04-03)
00:00:06, iterate for Willoughby St & Ashland Pl (3917) 2020-01-21 to 2020-04-03)
00:00:11, iterate for Willoughby St & Fleet St (239) 2019-11-28 to 2020-04-03)
00:00:11, iterate for Wilson Ave & Moffat St (3866) 2019-11-28 to 2020-04-03)
00:00:11, iterate for Wilson Ave & Troutman St (3860) 2019-11-28 to 2020-04-03)
00:00:11, iterate for Withers St & Kingsland Ave (3817) 2019-11-28 to 2020-04-03)
00:00:11, iterate for Wolcott St & Dwight St (3340) 2019-11-28 to 2020-04-03)
00:00:10, iterate for Woodward Ave & Harman St (3888) 2019-12-03 to 2020-04-03)
00:00:10, iterate for Wyckoff Av & Jefferson St (3763) 2019-11-28 to 2020-04-03)
00:00:10, iterate for Wyckoff Av & Stanhope St (3780) 2019-11-28 to 2020-04-03)
00:00:13, iterate for Wythe Ave & Metropolitan Ave (2002) 2019-11-28 to 2020-04-03)
00:00:11, iterate for York St (3481) 2019-11-28 to 2020-04-03)
01:27:56,Supervised learning
00:00:13,Dataset was downloaded 1 days ago.
00:00:42,Cluster analysis done, found 942 clusters/
00:00:06,Dataset was downloaded 1 days ago.
00:00:29,Cluster analysis done, found 942 clusters/
02:04:04,Fitting model
00:00:06,Dataset was downloaded 1 days ago.
00:00:31,Cluster analysis done, found 942 clusters/
00:00:06,Dataset was downloaded 1 days ago.
00:00:29,Cluster analysis done, found 942 clusters/
00:00:06,Dataset was downloaded 1 days ago.
00:00:30,Cluster analysis done, found 942 clusters/
00:00:06,Dataset was downloaded 1 days ago.
00:00:30,Cluster analysis done, found 942 clusters/
00:00:06,Dataset was downloaded 1 days ago.
00:00:29,Cluster analysis done, found 942 clusters/
00:00:06,Dataset was downloaded 1 days ago.
00:00:30,Cluster analysis done, found 942 clusters/
00:00:06,Dataset was downloaded 1 days ago.
00:00:29,Cluster analysis done, found 942 clusters/
00:00:07,Dataset was downloaded 1 days ago.
00:00:32,Cluster analysis done, found 942 clusters/
00:00:07,Dataset was downloaded 2 days ago.
00:00:31,Cluster analysis done, found 942 clusters/
00:00:08,Dataset was downloaded 8 days ago.
00:00:41,Cluster analysis done, found 942 clusters/
00:00:08,Dataset was downloaded 8 days ago.
00:00:11,Dataset was downloaded 8 days ago.
00:00:43,Cluster analysis done, found 942 clusters/
00:00:08,Dataset was downloaded 8 days ago.
00:00:08,Dataset was downloaded 8 days ago.
00:00:41,Cluster analysis done, found 942 clusters/
00:00:08,Dataset was downloaded 8 days ago.
00:00:08,Dataset was downloaded 8 days ago.
00:00:41,Cluster analysis done, found 942 clusters/
00:00:08,Dataset was downloaded 8 days ago.
00:00:07,Dataset was downloaded 8 days ago.
00:00:43,Cluster analysis done, found 942 clusters/
00:00:08,Dataset was downloaded 8 days ago.
00:00:08,Dataset was downloaded 9 days ago.
00:00:41,Cluster analysis done, found 942 clusters/
00:00:07,Dataset was downloaded 9 days ago.
03:50:28, iterate for York St (3481) 2019-11-28 to 2020-04-03)
01:46:15,Supervised learning
